#elizabethwarren;warren
#warren2020;warren
#teamwarren;warren
#foxnews;warren
#mypresident;warren
#neverwarren;warren
#lizwarren;warren
#election2020;warren
#100daysforwarren;warren
#smartest;warren
#election2020;election2020
#politicalrevolution;election2020
#pedowood;election2020
#larem;election2020
#politique;election2020
#kentucky;election2020
#yanggang;election2020
#medicareforall;election2020
#breaking;election2020
#kysen;election2020
#alltexascannabis;biden
#bernie2020;biden
#texascannabisadvocate;biden
#ukrainegate;biden
#joebiden;biden
#ukraineextortion;biden
#ukrainecollusion;biden
#ukrainebiden;biden
#petebuttigieg;biden
#berniesanders;biden
#albaghdadi;trump
#baghdadi;trump
#trump;trump
#enemyofthepeople;trump
#obama;trump
#trump2020;trump
#msm;trump
#watch;trump
#wapo;trump
#hillsong;trump
#bernie2020;sanders
#bernieindetroit;sanders
#notmeus;sanders
#berniesquad;sanders
#amobernie;sanders
#detroit;sanders
#bernieblackout;sanders
#rashidatlaib;sanders
#muslimsforbernie;sanders
#sharethebern;sanders
